,smiles,y_true,y_pred
0,S(=O)(=O)(N(C)c1cc(cc(c1)C(=O)N[C@H]([C@@H](O)CC(=O)N[C@@H](CC(C)C)C(=O)N[C@H](C(=O)N([C@H](Cc1ccccc1)C(=O)N1CCC[C@H]1C(OC)=O)C)C)Cc1ccccc1)C(=O)N[C@H](C)c1ccccc1)C,0.6108485460281372,-0.24635837972164154
1,S(=O)(=O)(N(C)c1nc2CC[C@@H](CCc3cc(C[C@]([NH3+])(C)C(OCc(c1)c2)=O)ccc3)C)C,-0.502632200717926,-0.4461554288864136
2,O1CCCCOc2cc(CC(NC(=O)c3cc(N4CCCC4=O)cc1c3)C(O)C[NH2+]C1(CC1)c1cc(ccc1)C(C)C)ccc2,1.9172494411468506,0.5014145970344543
3,O(C)c1ccc(cc1)[C@@]1([NH+]=C(N)CC1)c1cc(ccc1)-c1cncnc1,-0.9801411628723145,-0.1163901537656784
4,n1ccc2c(cccc2)c1N,-2.5429885387420654,-1.7919559478759766
5,O=C([O-])[C@@H](\[NH+]=C\1/NC(Cc2c/1cccc2)(C)C)Cc1ccccc1,-1.3792893886566162,-0.9410438537597656
6,Clc1cc2CC([NH+]=C(N[C@@H](Cc3ccccc3)C3=NOC(=O)[N-]3)c2cc1)(C)C,-0.21999327838420868,-0.35708680748939514
7,[nH]1c2cc(ccc2cc1)CCc1nc(N)ccc1,-1.779639482498169,-1.2951945066452026
8,Fc1c2c(ccc1)C(N=C2N)(C=1C=C(C)C(=O)N(C=1)CC)c1cc(NC(=O)c2ncccc2)ccc1,1.6227257251739502,0.4465591609477997
9,O=C1N(C)C(=[NH2+])NC1(c1cc(ccc1)-c1cccnc1)c1ccccc1,-0.1079038605093956,-0.31855475902557373
10,O1c2ncc(cc2C([NH2+]CC(O)C(NC(=O)COC)Cc2cc(ccc2)-c2occn2)CC12CCC2)CC(C)(C)C,1.1870555877685547,1.3129980564117432
11,S(=O)(=O)(N(C)c1cc(cc(c1)C(=O)N[C@H]([C@@H](O)CC(=O)N[C@@H](C(C)C)C(=O)Nc1cc(cc(c1)C(=O)[O-])C(=O)[O-])COc1cc(F)cc(F)c1)C(=O)N[C@H](C)c1ccccc1)C,0.7514907717704773,0.17896243929862976
12,[nH]1c2cc(ccc2cc1)-c1cc(ccc1)CNc1cccnc1N,-1.0257952213287354,-0.8757309913635254
13,Fc1cc(cc(F)c1)C[C@H](NC(=O)C)[C@H](O)C[NH2+][C@]1(CCc2n[nH]cc2C1)c1cc(ccc1)C(C)(C)C,1.1150152683258057,0.3823707699775696
14,S1(=O)(=O)C[C@@H](Cc2cc(F)c3NCC4(CCC(F)(F)CC4)c3c2)[C@H](O)[C@@H]([NH2+]Cc2cc(ccc2)C(C)(C)C)C1,0.3218756914138794,1.0246193408966064
15,O(C)c1cc(ccc1)-c1cc(ccc1)CCc1nc(N)ccc1,-1.3520605564117432,-0.7331621646881104
16,Clc1cc2CC([NH+]=C(N[C@@H](C[C@H]3[C@H](SC=C3c3cn[nH]c3)CCC)C(=O)[O-])c2cc1)(C)C,1.2459163665771484,0.10759507119655609
17,S(=O)(=O)(C(CCC)CCC)C[C@@H](NC(OCc1ccccc1)=O)C(=O)N[C@H]([C@H](O)C[NH2+]Cc1cc(OC)ccc1)Cc1ccccc1,0.39391595125198364,-1.0418884754180908
18,O1c2ncc(cc2C([NH2+]CC(O)C2NC(=O)C=3C=CC(=O)N(CCCCc4cc(C2)ccc4)C=3)CC12CCC2)CC(C)(C)C,1.1837100982666016,0.6553447246551514
19,S1(=O)(=O)C[C@@H](Cc2cc(C[C@@H]3N(CCC)C(OC3)=O)c(O)cc2)[C@H](O)[C@@H]([NH2+]Cc2cc(ccc2)C(C)C)C1,0.2996020019054413,0.5252392888069153
20,Fc1cc(cc(F)c1)CC(NC(=O)C(N1CCC(NC(=O)C)(C(CC)C)C1=O)CCc1ccccc1)C(O)C1[NH2+]CC(OCc2ncccc2)C1,1.7863479852676392,1.0130531787872314
21,O=C(NC(=[NH2+])N)Cn1c(ccc1-c1ccccc1)-c1ccccc1,-0.735255241394043,-0.5530575513839722
22,S(=O)(=O)(N(C)c1cc(cc(c1)C(=O)NC(Cc1ccccc1)C(O)C[NH2+]Cc1cc(OC)ccc1)C(=O)NC(C)c1ccccc1)C,1.727486491203308,-0.2650195360183716
23,O1CC[C@@H](NC(=O)[C@@H](Cc2cc3cc(ccc3nc2N)-c2ccccc2C)C)CC1(C)C,2.0323991775512695,-0.3060820400714874
24,O=C1NC(CN1Cc1ccccc1)(Cc1ccccc1)C(=O)NC(Cc1ccccc1)C(O)C[NH2+]Cc1cc(N(C)C)ccc1,-0.8325293660163879,0.014863574877381325
25,O=C(NC[C@H]([NH3+])C(=O)N[C@@H](C(C)C)C(=O)N[C@@H](CC(C)C)C(=O)NC[C@](O)(CCc1ccccc1)C(=O)Nc1cc(ccc1)C(=O)[O-])c1nnn[n-]1,0.22328539192676544,0.9243766665458679
26,Brc1cc(ccc1O)C[C@@H]1CS(=O)(=O)C[C@H]([NH2+]Cc2cc(ccc2)C2CC2)[C@H]1O,-0.2963098883628845,-0.182843416929245
27,Fc1c2c(ccc1)C(N=C2N)(C=1C=C(C)C(=O)N(C=1)C)c1cc(ccc1)C#CC1CC1,1.3345171213150024,0.970026969909668
28,S(=O)(=O)(N(C)c1cc(cc(c1)C(=O)N[C@H](C)c1ccc(F)cc1)-c1oc(nn1)[C@]([NH3+])(Cc1ccccc1)C)C,1.1150152683258057,0.33263587951660156
29,[NH+]=1[C@](N=C(c2ccccc2)C=1N)(C)c1cc(ccc1)-c1cccnc1,-1.7996156215667725,0.044349707663059235
30,O=C(N[C@H]([C@H](O)C[NH2+][C@H]1CC(Cc2nn(cc12)CC(C)(C)C)(C)C)Cc1ccccc1)C,0.6955511569976807,-0.4798595905303955
31,n1c2c(ccc1N)cccc2,-2.5429885387420654,-1.6212880611419678
32,Clc1cc2CC([NH+]=C(N[C@@H](Cc3ccccc3)C=3NC(=O)C(=CN=3)C#N)c2cc1)(C)C,-0.06911584734916687,0.054157644510269165
33,S(=O)(=O)(N(C)c1cc(cc(c1)C(=O)NC(C)c1ccc(F)cc1)-c1oc(cn1)C([NH3+])(Cc1ccccc1)C)C,1.2890260219573975,-0.16542142629623413
34,Clc1cc(sc1C1(NC(=[NH2+])N(C)C(=O)C1)C)-c1cc(cnc1)C#CC,1.745940089225769,0.2736988663673401
35,O1c2ncc(cc2C([NH2+]CC(O)C2NC(=O)C=3C=CC(=O)N(CCCc4cc(C2)ccc4)C=3)CC12CCC2)CC(C)(C)C,1.5965850353240967,0.6082103252410889
36,Clc1cc(ccc1)CCc1cccnc1N,-2.5429885387420654,-1.6886523962020874
37,O1CCC(OC(=O)[C@@H]2[NH2+]C[C@]3(C2)c2c(NC3=O)cccc2)CC1,-1.8419170379638672,-0.6917026042938232
38,O(C(=O)[C@H]1N(CCC1)C(=O)[C@H](N(C(=O)[C@@H](NC(=O)[C@@H](NC(=O)C[C@H](O)[C@@H](NC(=O)[C@@H](N(C(=O)[C@@H](NC(=O)[C@@H](O)C)C(C)C)C)CCC(=O)N)CC1CCCCC1)CC(C)C)C)C)CC1CCCCC1)C,0.22498935461044312,-0.44373834133148193
39,O1[C@@H]2COCC[C@@]2(N=C1N)c1cc(ccc1)-c1cncnc1,-1.7973476648330688,-0.4728861451148987
40,S1CC[C@@](N=C1N)(C)c1ccc(OC)cc1,-1.5133405923843384,-1.127771258354187
41,Fc1c(cccc1OC)-c1cc(ccc1)[C@]1([NH+]=C(N2CC(F)(F)CN=C12)N)c1ccncc1,0.7204188704490662,0.7551020979881287
42,O1CC[NH+](CC1)CC(O)COc1cc(ccc1C)C,-2.76676607131958,-1.0912977457046509
43,Fc1cc(cc(F)c1)C[C@H](NC(=O)c1cc(cc(c1)C)C(=O)N(CCC)CCC)[C@H](O)[C@@H]1[NH2+]CC[N@@H+](C1)Cc1ccccc1,0.3716422915458679,0.9639521241188049
44,Brc1cc(ccc1)C(=O)Nc1ccc(cc1)-c1n(CC(=O)NC(=[NH2+])N)c(cc1)-c1ccccc1,-0.14795300364494324,0.49435704946517944
45,Fc1cc(cc(F)c1)C[C@H](NC(=O)C)[C@H](O)C[NH2+]C1(CCCCC1)c1cc(-n2nccc2)ccc1,0.6008458137512207,0.05107882618904114
46,O=C1NC(=NC(=C1)CCc1cc2[nH]ccc2cc1)N,-1.8843179941177368,-1.295035481452942
47,Fc1cc(N2C3(CC[NH+](CC3)Cc3ccc(NC(=O)C)cc3)C(=NC2=O)NC2CCCCC2)ccc1,-0.6452746987342834,0.07537186145782471
48,O=C1N[C@@H](C[C@@H](CCCCCCCC(=O)N[C@H]1C)C)[C@@H](O)C[C@H](C(=O)NCCCC)C,-0.14252720773220062,-0.07490784674882889
49,O=C(N[C@H](C(=O)[O-])C)[C@@H]1CCC[C@H]1[C@H](O)[C@@H](NC(=O)[C@@H](NC(=O)[C@@H](NC(=O)[C@@H]([NH3+])CCC(=O)[O-])C(C)C)CC(=O)N)CC(C)C,0.7344950437545776,-0.030220134183764458
50,O=C1N[C@@H](C[C@@H](CCCCCCCCC(=O)N(C)[C@H]1C)C)[C@H](O)C[NH2+]Cc1cc(ccc1)C(C)C,0.8532124161720276,-0.14040592312812805
51,O1c2c(cc(cc2)CC)C([NH2+]CC(O)C2NC(=O)C=3C=C(c4ncccc4)C(=O)N(CCCCc4cc(C2)ccc4)C=3)CC12CCC2,1.3442188501358032,0.7811076045036316
52,S1(=O)(=O)N(c2cc(cc3n(cc(CC1)c23)CC)C(=O)NC([C@H](O)CNc1ccccc1)Cc1ccccc1)C,1.3976541757583618,0.5801903009414673
53,S1(Oc2cc(cc3c2n(cc3CC)CC1)C(=O)NC([C@H](O)C[NH2+]Cc1cc(ccc1)C(F)(F)F)Cc1ccccc1)(=O)=O,1.2459170818328857,0.5102899670600891
54,S(=O)(=O)(CCCCC)c1cc(ccc1)C(=O)N[C@H]([C@H](O)C[NH2+][C@H](C(=O)NC1CCCCC1)C)Cc1ccccc1,-0.502632200717926,-0.23870915174484253
55,Clc1cc(ccc1)-c1cc(ccc1)[C@@]1(OCCC(=[NH+]1)N)C,-0.9070778489112854,-1.3092817068099976
56,S(=O)(=O)(N(C)c1cc(cc(c1)C(=O)NC(C(O)CC(C(=O)NC(C(C)C)C(=O)NC(C)C)C)CC(C)C)C(=O)NC(C)c1ccccc1)C,1.8864796161651611,0.05268947780132294
57,O1c2c(cc(cc2)CC)C([NH2+]CC(O)C2NC(=O)C=3C=C(N4CCCC4)C(=O)N(CCCCc4cc(C2)ccc4)C=3)CC12CCC2,1.621431827545166,0.38282737135887146
58,S(=O)(=O)(N[C@@H]1C[C@H](C[C@@H](C1)C(=O)N[C@H]([C@@H](O)CC(=O)N[C@@H](CC(C)C)C(=O)N[C@H](C(=O)N([C@H](CC1CCCCC1)C(=O)N1CCC[C@H]1C(OC)=O)C)C)CC1CCCCC1)C(=O)N[C@H](C)C1CCCCC1)C,0.35080626606941223,0.8827259540557861
59,O=C1N(CC[C@]12[N@H+](CCC2)CCC)[C@H](C(=O)N[C@H]([C@H](O)C[NH2+]Cc1cc(ccc1)C(C)C)Cc1ccccc1)C,0.6235108971595764,-0.0833486020565033
60,o1cccc1C[N@H+](Cc1cc(ccc1)CCc1cccnc1N)C,-2.095433473587036,-1.2034379243850708
61,O(C)c1cc(ccc1)C[NH2+]C[C@@H](O)[C@@H](NC(=O)c1cc(N2CCCC2=O)c2c(n(cc2)CC)c1)CC=1CCC=CC=1,0.9049778580665588,-0.014828560873866081
62,O=C(NCC1CCCCC1)CCc1cc2c(nc1N)cccc2,-1.1694496870040894,-0.386901319026947
63,Fc1cc(cc(F)c1)C[C@H](NC(=O)c1cc(cc(c1)C)C(=O)N(CCC)CCC)[C@H](O)[C@@H]1[NH2+]CCN(C1)C(=O)c1ccccc1,-0.3579908311367035,1.0219316482543945
64,Clc1cc2nc(n(c2cc1)[C@H](CC(=O)NC1C2CC3CC1CC(C2)C3)CC)N,-1.0186203718185425,0.011191802099347115
65,S(=O)(=O)(N(C)c1cc(cc(c1)C(=O)N[C@H]([C@H](O)C[NH2+]C1CC1)Cc1ccccc1)C(=O)N[C@H](C)c1ccccc1)C,1.0429750680923462,0.7366041541099548
66,s1cc(cc1C1(N=C(N)N(C)C(=O)C1)C)-c1cc(ccc1)C#N,0.6176937222480774,0.38365426659584045
67,O=C1N(C)C(=[NH2+])NC1(c1ccccc1)c1ccccc1,-0.7264098525047302,-1.366959571838379
68,Clc1ccccc1-c1n(CC(=O)NC(=[NH2+])N)c(cc1)-c1ccc(Oc2ccc(cc2)C(=O)C)cc1,-0.19771960377693176,-0.001401541754603386
69,O1c2c(cc(cc2)CC)[C@@H]([NH2+]C[C@@H](O)[C@H]2NC(=O)CCCCCCCc3cc(C2)ccc3)CC12CCC2,0.7603362202644348,0.8764073252677917
70,O1C[C@H](NC(=O)c2cc(cc(c2)[C@@H](O)[NH2+][C@H](C\C=C\C1)c1ccccc1)C)[C@H](O)C[NH2+]Cc1cc(ccc1)C(C)C,0.5107173919677734,0.7881750464439392
71,s1cncc1-c1cc(ccc1)CC(NC(=O)COC)C(O)C[NH2+]C1CC2(Oc3ncc(cc13)CC(C)(C)C)CCC2,1.3849918842315674,1.3910540342330933
72,O=C(N(C)C1CCCCC1)CCc1cc2c(nc1N)cccc2,-1.4906184673309326,-0.4644940495491028
73,Fc1ccc(cc1)CC1CC[NH2+]CC1,-2.319211006164551,-1.3597335815429688
74,O(C)c1cc(ccc1)-c1cc(ccc1)C1(NC(=[NH2+])N(C)C1=O)c1ccccc1,0.22328539192676544,0.006705543026328087
75,S(=O)(=O)(Nc1cc(Nc2ncnc(c2)-c2ccccc2)ccc1C)C,-1.338881492614746,-0.38425081968307495
76,[NH+]=1[C@](N=C(C)C=1N)(C1CC1)c1cc(ccc1)-c1cc(cnc1)C#CC,0.5066048502922058,0.6727651357650757
77,Fc1c2c(ccc1)[C@@]([NH+]=C2N)(C=1C=C(C)C(=O)N(C=1)CC)c1cc(ccc1)-c1cc(cnc1)C#CC,1.6292741298675537,0.7661013007164001
78,s1cc(nc1)-c1cc(ccc1)CC(NC(=O)COC)C(O)C[NH2+]C1CC2(Oc3ncc(cc13)CC(C)(C)C)CCC2,1.293671727180481,1.3865638971328735
79,O(C(=O)[C@@H]1[NH2+]C[C@]2(C1)c1c(NC2=O)cccc1)C1(CCCCC1)C#N,-1.3571851253509521,-0.8133527040481567
80,Clc1cc2CC([NH+]=C(N[C@@H](Cc3ccccc3)C=3NC(=O)c4c(N=3)ccnc4)c2cc1)(C)C,0.25919410586357117,-0.5572350025177002
81,S(=O)(=O)(CCCCC)C[C@@H](NC(=O)c1cccnc1)C(=O)N[C@H]([C@H](O)C[NH2+]Cc1cc(ccc1)CC)Cc1cc(F)cc(F)c1,1.6934717893600464,0.579544186592102
82,O=C1N(C)C(N[C@@]1(CC1CCCCC1)CCC1CCCCC1)=N,-0.15063242614269257,-0.1103559136390686
83,O1c2ncc(cc2C([NH2+]CC(O)C(NC(=O)COC)Cc2cc(ccc2)-c2ncccc2)CC12CCC2)CC(C)(C)C,1.1973053216934204,1.266821265220642
84,O(Cc1ncccc1)c1ccc(cc1CNc1cccnc1N)-c1cc2[nH]ccc2cc1,-0.7761761546134949,-0.9122022986412048
85,Fc1cc(cc(F)c1)C[C@H](NC(=O)c1cc(cc(c1)C)C(=O)N(CCC)CCC)[C@H](O)[C@@H]1[NH2+]C[C@H](OCc2ccccc2)C1,1.3976541757583618,0.7848960757255554
86,O(c1cc2CN(C(CCC(=O)N(C)C3CCCCC3)C3CCCCC3)C(=[NH+]c2cc1)N)c1ccccc1,-0.2788548171520233,-0.15818926692008972
87,O1CCC(CC1)CNC(=O)C(Cc1cc2cc(ccc2nc1N)-c1ccccc1C)C,1.173876404762268,0.16415271162986755
88,O=C1N(Cc2ccc(cc2)CNC(=O)Nc2ccc(cc2)C#N)C(N[C@@]1(CC(C)C)C)=N,-0.9410926103591919,0.18654727935791016
89,Fc1cc(cc(F)c1)C[C@H](NC(=O)c1cc(cc(c1)C)C(=O)N(CCC)CCC)[C@H](O)[C@@H]1[NH2+]C[C@H](Oc2ccccc2)C1,1.562570333480835,0.7730212211608887
90,O1c2c(cc(cc2)CC)[C@@H]([NH2+]C[C@@H](O)[C@H]2NC(=O)C=3C=CC(=O)N(CCCCc4cc(C2)ccc4)C=3)CC12CCC2,1.621431827545166,0.25147536396980286
91,S1(=O)(=O)CC(Cc2cc(OC(C(F)(F)F)C(F)(F)F)c(N)c(F)c2)C(O)C([NH2+]Cc2cc3c(COC3(C)C)cc2)C1,1.3387926816940308,1.0051888227462769
92,S1C[C@H](NC(=O)[C@@H](NC(=O)[C@@H]2[NH2+]CCC[C@@H]2SC\C=C\C1)C)[C@@H](O)C[C@H](C(=O)NCCCC)C,0.22328539192676544,-0.3161161541938782
93,O(C)c1ccc(cc1)[C@@]1([NH+]=C(N)[C@H](OC)C1)c1cc(ccc1)-c1cccnc1,-0.6883842945098877,0.15257728099822998
94,O(C)c1cc(ccc1)CN1CC(NC1=O)C(=O)NC(Cc1ccccc1)C(O)C[NH2+]Cc1cc(N(C)C)ccc1,-0.05435900017619133,0.9273207783699036
95,Fc1cc(cc(F)c1)CC(NC(=O)C(N1CCC(NC(=O)C)(C(CC)C)C1=O)CCc1ccccc1)C(O)C1[NH2+]CC(OCc2cccnc2)C1,1.808622121810913,1.0226948261260986
96,O1CCCCCCNC(=O)CC(NC(=O)C(NC1=O)C(C)C)C(=O)NC(C(O)CC(C(=O)NC(C(C)C)C(=O)NCc1ccccc1)C)CC(C)C,0.8767696619033813,1.1212037801742554
97,O=C1NC(=NC(=C1)CCC)N,-2.76676607131958,-1.7259061336517334
98,S(=O)(=O)(N(C)c1cc(cc(c1)C(=O)N[C@H]([C@H](O)C[NH2+]C1CC1)Cc1ccccc1)C(=O)c1ccccc1)C,0.43702566623687744,0.5370849967002869
99,S(=O)(=O)(N1CC([NH2+]CC1)C(O)C(NC(=O)c1cc(cc(c1)C)C(=O)N1CCCC1COC)Cc1cc(F)cc(F)c1)c1cc(ccc1)C,1.9172494411468506,0.5939670205116272
100,O1Cc2cc(cc(c2)C(=O)N[C@H](CCc2cc(C[C@]([NH3+])(C)C1=O)ccc2)c1ccccc1)-c1ccccc1C#N,0.8532124161720276,0.07436364889144897
101,s1cc(cc1C12N=C(N)N(C)C(=O)C1CN(C2)C(=O)c1ccccc1)-c1cc(ccc1)C#N,1.562570333480835,1.025217056274414
102,S(CC[C@H](NC(=O)[C@@H](NC(=O)C)CC(C)C)C(=O)N[C@H]([C@@H](O)[C@@H]1CC(=O)C[C@H]1C(=O)N[C@@H](C(C)C)C(=O)[NH2+]CCCC)CC(C)C)C,1.173876404762268,1.0106823444366455
103,Fc1cc(cc(F)c1)C[C@H](NC(=O)c1cc(cc(c1)C)C(=O)N(CCC)CCC)[C@H](O)[C@@H]1[NH2+]CN(Cc2ccccc2)C1=O,1.3976541757583618,0.8082373738288879
104,Clc1ccc(nc1)C(=O)Nc1cc(ccc1)[C@]1([NH+]=C(N)CN(C)C1=O)C,0.050978220999240875,-0.252248615026474
105,Fc1cc(cc(F)c1)CC(NC(=O)C(N1CCC(NC(=O)C)(C(CC)C)C1=O)CCc1ccccc1)C(O)C1[NH2+]CC(Oc2ccccc2)C1,1.6087695360183716,0.9717591404914856
106,Fc1cc(cc(F)c1)CC(NC(=O)c1cc(cc(c1)C)C(=O)N1CCCC1COC)C(O)C1[NH2+]CC(Oc2ccccc2)C1,2.0323991775512695,0.7470599412918091
107,S1(=O)(=O)N(c2cc(cc3N(CCN(CC1)c23)CC)C(=O)N[C@H]([C@H](O)C[NH2+]Cc1cc(OC)ccc1)Cc1ccccc1)C,0.8653964996337891,1.0339181423187256
108,s1c(ccc1-c1cc(C#N)c(F)cc1)C12N=C(N)N(C)C(=O)C1CN(C2)c1ccccc1,0.4645181894302368,1.0084375143051147
109,S1(=O)(=O)N(c2cc(cc3c2n(cc3CC)C1)C(=O)NC(Cc1ccccc1)C(O)C[NH2+]Cc1cc(OC)ccc1)C,1.2459170818328857,0.4812083840370178
110,Clc1cc2CC([NH+]=C(N[C@@H](Cc3cscc3-c3cn[nH]c3)C(=O)[O-])c2cc1)(C)C,-0.055077098309993744,-0.6508218050003052
111,Fc1cc(cc(F)c1)C[C@H](NC(=O)c1cc(cc(c1)C)C(=O)N(CCC)CCC)[C@H](O)[C@@H]1[NH2+]CCN(Cc2ccccc2)C1=O,1.562570333480835,0.7876877784729004
112,n1cccc(NCc2ccccc2)c1N,-2.1648805141448975,-1.6878273487091064
113,Brc1cc2c(SCC[C@@H]2OC(=O)[C@@H]2[NH2+]C[C@]3(C2)c2c(NC3=O)cccc2)cc1,-1.3194770812988281,-0.49345290660858154
114,S(=O)(=O)(N(c1cc(cc(N2CCCC2=O)c1)C(=O)NC(Cc1ccccc1)C(O)C[NH2+]Cc1cc(ccc1)C(F)(F)F)c1ccccc1)C,1.3387926816940308,0.8444459438323975
115,s1cc(cc1)C[C@H](NC(=O)c1cc(nc(NC[C@H]2C[C@@H]2C)c1)N(S(=O)(=O)C)C)[C@@H]([NH3+])CCCC,1.14310622215271,-0.37041381001472473
116,O=C1N(CCCC1)C(C)(C)[C@@H]1C[C@@H](CCC1)C(=O)N[C@H]([C@H](O)C[NH2+]Cc1cc(ccc1)C(C)C)Cc1ccccc1,1.621431827545166,-0.1790650635957718
117,O(C(C)(C)C)C(=O)N[C@@H](C(C)C)C(=O)N([C@@H](CCC(=O)N)C(=O)N[C@H]([C@@H](O)CC(=O)N[C@@H](CC(C)C)C(=O)N[C@H](C(=O)N([C@H](Cc1ccccc1)C(=O)N1CCC[C@@H]1C(OC)=O)C)C)Cc1ccccc1)C,0.6621237397193909,0.4086031913757324
118,O=C1N(Cc2ccc(cc2)CN2C[C@@H](NC2=O)CCC)C(N[C@@]1(CC1CCCCC1)CCC1CCCCC1)=N,0.8532124161720276,0.08098052442073822
119,S(Oc1cc(cc(OCC(=O)NCCCCC[NH3+])c1)C(=O)N[C@H](C)c1ccc(F)cc1)(=O)(=O)Cc1ccccc1,-0.42149731516838074,-0.14714562892913818
120,O=C1N(CCC1)c1cc(cc(NCC)c1)C(=O)N[C@H]([C@H](O)C[NH2+]C1CCCCC1)Cc1ccccc1,0.2407408356666565,-0.10510719567537308
121,S1C[C@H](NC(OC(C)(C)C)=O)C(=O)N[C@@H](C)C(=O)N[C@@H](CSC\C=C\C1)[C@@H](O)C[C@H](C(=O)N[C@@H](C(C)C)C(=O)NCCCC)C,0.28693968057632446,0.7245801687240601
122,Clc1ccccc1-c1scc(-c2ccc(OCCC)cc2)c1CC(=O)NC(=[NH2+])N,-0.14252720773220062,-0.890213131904602
123,Fc1ccc(NC(=O)C(CC([NH3+])C(NC(=O)c2cc(ccc2)C(=O)N(CCC)CCC)Cc2ccccc2)C)cc1,0.8653964996337891,-0.09702536463737488
124,Clc1ccc(nc1)C(=O)Nc1cc([C@]2([NH+]=C(N)[C@@H]3[C@H](C2)C3)C)c(F)cc1,0.44368255138397217,0.569456160068512
125,OC(C(NC(=O)C(NC(=O)C(NC(=O)C(NC(=O)C(NC(=O)C(NC(=O)C([NH3+])Cc1c2c([nH]c1)cccc2)Cc1c2c([nH]c1)cccc2)CO)CCC(=O)[O-])C(C)C)CC(=O)N)CC(C)C)CC(C(=O)NC(C(=O)NC(CCC(=O)[O-])C(=O)NC(Cc1ccccc1)C(=O)[O-])C)C,3.049316644668579,-0.40966570377349854
126,Fc1cc(cc(F)c1)CC(NC(=O)C)C(O)C[NH2+]C1(CC\C(=N\O)\CC1)c1cc(ccc1)C(C)(C)C,1.2151464223861694,0.45462626218795776
127,s1cc(cc1)-c1cc2c(nc(N)cc2)cc1,-1.4939643144607544,-0.5428664684295654
128,S(=O)(=O)(CC(NC(OCn1nc(cc1C)C)=O)C(=O)NC(C(O)CC(C(=O)NC(C(C)C)C(=O)NCC(C)C)C)CC(C)C)C,2.305943250656128,0.00328684039413929
129,S(=O)(=O)(N(c1cc(cc(c1)C(=O)NC(Cc1ccccc1)C(O)C[NH2+]Cc1cc(ccc1)C(F)(F)F)C1CCCC1)c1ccccc1)C,1.4696941375732422,0.7476428747177124
130,Fc1cc(cc(F)c1)CC(NC(=O)C(N1CCC(NC(=O)C)(C(CC)C)C1=O)CCc1ccccc1)C(O)C1[NH2+]CC(Oc2ncccc2)C1,1.6087695360183716,1.037451982498169
131,Clc1cc(cc(Cl)c1NC(=O)C)C\N=C(\NC(=O)Cn1c2c(cccc2)cc1)/N,-0.3160821199417114,0.5839788913726807
132,Oc1ccc(cc1C1CCCCC1)CC[NH3+],-2.0541634559631348,-1.935185432434082
133,Clc1cc2nc(n(c2cc1)CCCC(=O)N(C)C1CCCCC1)N,-1.364722490310669,-1.7960402965545654
134,O1c2c(cc(cc2)CC)[C@@H]([NH2+]C[C@@H](O)[C@H]2NC(=O)CCCCCCc3cc(C2)ccc3)CC12CCC2,1.002567172050476,0.810771644115448
135,Brc1cc2c(S(=O)(=O)CC[C@@H]2OC(=O)[C@@H]2[NH2+]C[C@]3(C2)c2c(NC3=O)cccc2)cc1,-0.7604245543479919,-0.32998329401016235
136,Clc1cc(cc(Cl)c1NC(=O)C)CNC(NC(=O)Cn1c2cc(ccc2cc1)C#N)=N,0.6955511569976807,0.50519198179245
137,S(=O)(=O)(N1C[C@@H]([NH2+]CC1)[C@@H](O)[C@@H](NC(=O)c1cc(cc(c1)C)C(=O)N(CCC)CCC)Cc1cc(F)cc(F)c1)c1ccccc1,1.3976541757583618,0.5164355039596558
138,S(=O)(=O)(N(C)c1cc(cc(c1)C(=O)N[C@H]([C@H](O)[C@@H]1[NH2+]C(N(C)C1=O)(C)C)Cc1ccccc1)C(=O)N[C@H](C)c1ccc(F)cc1)C,0.5410740375518799,0.8612502813339233
139,S1(=O)(=O)N(c2cc(cc3n(cc(CC1)c23)CC)C(=O)NC([C@H](O)C[NH2+]C1CC1)Cc1ccccc1)C,1.2078912258148193,1.0358688831329346
140,O=C(N)CC[C@H](N(C(=O)[C@@H](NC(=O)[C@@H](O)C)C(C)C)C)C(=O)N[C@H]([C@@H](O)CC(=O)N[C@@H](CC(C)C)C(=O)N[C@H](C(=O)N([C@H](CC1CCCCC1)C(=O)[O-])C)C)CC1CCCCC1,0.5321056842803955,1.437479019165039
141,s1c2c(nc1C)C(=[NH+][C@@]2(c1cc(ccc1)-c1cncnc1)c1ccc(OC)cc1)N,-0.16370485723018646,-0.38382115960121155
142,Fc1cc(cc(F)c1)CC(NC(=O)C(N1CCC(NC(=O)C)(C(CC)C)C1=O)CCc1ccccc1)C(O)C1[NH2+]CC(Oc2cccnc2)C1,1.3442188501358032,1.0502930879592896
143,O=C1N(C)C(N[C@](C1)(C)[C@@H]1C[C@H]1c1ccccc1)=N,-1.2460051774978638,-1.314204216003418
144,O(C)c1c(cc(cc1C)[C@@]1([NH+]=C(N)C(=N1)C)c1cc(ccc1)-c1cncnc1)C,1.1150152683258057,0.2626999020576477
145,FC(F)(F)c1cc(ccc1)C[NH2+]C[C@@H](O)[C@@H](NC(=O)c1cc(N2CCCC2=O)c2nccc(c2c1)CC)Cc1ccccc1,0.19097423553466797,0.4628400206565857
146,n1c2c(nc(N)c1N1CCCC1)cccc2,-2.4980287551879883,-1.7037622928619385
147,S1(=O)(=O)CC(Cc2cc(OC(C(F)(F)F)C(F)(F)F)c(N)c(F)c2)C(O)C([NH2+]Cc2noc(c2)CC(C)(C)C)C1,1.2890260219573975,0.3091502785682678
148,s1c2OC(C[C@H]([NH2+]C[C@@H](O)[C@@H](NC(=O)C)Cc3ccccc3)c2cc1CC(C)(C)C)(C)C,1.2263448238372803,0.6999805569648743
149,FC(F)(F)c1cc(ccc1)C[NH2+]C[C@@H](O)[C@@H](NC(=O)C=1C=C(N2CCCC2=O)C(=O)N(C=1)C1CCCC1)Cc1ccccc1,0.5191034078598022,-0.07200193405151367
150,O=C(c1cc2CN(CCC(=O)N(C)C3CCCCC3)C(=[NH+]c2cc1)N)c1ccccc1,1.14310622215271,-0.7023395299911499
151,O=C1N(CCC1)c1cc(cc(NCC)c1)C(=O)N[C@H]([C@H](O)C[NH2+]C(CCCC(C)C)(C)C)Cc1ccccc1,0.7884269952774048,0.16998091340065002
